Date,Open,High,Low,Close,Volume
2024-07-29,22400.0,22511.0,22150.0,22259.0,20226.0
2024-07-30,22260.0,22300.0,21810.0,22259.0,53239.0
2024-07-31,22252.0,22348.0,21780.0,22288.0,61781.0
2024-08-01,22335.0,22727.0,22335.0,22655.0,64239.0
2024-08-02,22595.0,22636.0,21508.0,21536.0,101158.0
2024-08-05,21497.0,21524.0,19374.0,19374.0,139068.0
2024-08-06,19368.0,20788.0,18810.0,20422.0,204211.0
2024-08-07,20349.0,21334.0,19952.0,21135.0,170209.0
2024-08-08,21063.0,21431.0,20550.0,20693.0,188552.0
2024-08-09,20794.0,21591.0,20564.0,21475.0,183528.0
2024-08-12,21500.0,21894.0,21333.0,21671.0,167539.0
2024-08-13,21650.0,21923.0,21566.0,21770.0,124998.0
2024-08-14,21800.0,22156.0,21692.0,21983.0,115162.0
2024-08-15,22011.0,22199.0,21732.0,21844.0,140866.0
2024-08-16,21836.0,22445.0,21758.0,22369.0,120192.0
2024-08-19,22374.0,22520.0,22167.0,22356.0,107850.0
2024-08-20,22340.0,22578.0,22243.0,22438.0,80881.0
2024-08-21,22438.0,22495.0,22152.0,22199.0,65918.0
2024-08-22,22214.0,22300.0,22015.0,22101.0,117181.0
2024-08-23,22150.0,22295.0,21767.0,22123.0,140542.0
2024-08-26,22113.0,22450.0,22077.0,22205.0,145480.0
2024-08-27,22192.0,22310.0,21994.0,22154.0,103937.0
2024-08-28,22155.0,22411.0,22050.0,22401.0,119589.0
2024-08-29,22416.0,22548.0,21901.0,22175.0,149858.0
2024-08-30,22195.0,22478.0,22192.0,22320.0,123306.0
2024-09-02,22316.0,22445.0,22095.0,22220.0,124418.0
2024-09-03,22214.0,22313.0,22012.0,22060.0,90158.0
2024-09-04,22078.0,22149.0,20826.0,20938.0,198817.0
2024-09-05,20943.0,21452.0,20915.0,21179.0,173384.0
2024-09-06,21169.0,21470.0,21015.0,21318.0,184698.0
2024-09-09,21300.0,21508.0,20550.0,21078.0,249226.0
2024-09-10,21125.0,21345.0,20906.0,20995.0,168176.0
2024-09-11,21006.0,21183.0,20820.0,21006.0,162677.0
2024-09-12,21054.0,21779.0,20881.0,21711.0,210001.0
2024-09-13,21705.0,21894.0,21580.0,21818.0,134449.0
2024-09-16,21798.0,21892.0,21735.0,21813.0,85279.0
2024-09-18,21803.0,21874.0,21562.0,21618.0,84436.0
2024-09-19,21712.0,22080.0,21608.0,22075.0,138914.0
2024-09-20,22104.0,22434.0,22085.0,22216.0,141770.0
2024-09-23,22219.0,22391.0,22099.0,22340.0,110475.0
2024-09-24,22300.0,22507.0,22153.0,22493.0,114515.0
2024-09-25,22550.0,22901.0,22505.0,22794.0,128275.0
2024-09-26,22760.0,23076.0,22750.0,22957.0,121126.0
2024-09-27,23000.0,23394.0,22877.0,22885.0,175231.0
2024-09-30,22870.0,22981.0,22315.0,22326.0,179634.0
2024-10-01,22333.0,22462.0,22006.0,22390.0,149133.0
2024-10-04,22400.0,22506.0,21892.0,22286.0,195400.0
2024-10-07,22317.0,22807.0,22231.0,22777.0,164540.0
2024-10-08,22754.0,22758.0,22394.0,22580.0,137281.0
2024-10-09,22599.0,22880.0,22545.0,22699.0,127296.0
2024-10-11,22676.0,23048.0,22575.0,22912.0,124539.0
2024-10-14,22905.0,23075.0,22817.0,23005.0,100818.0
2024-10-15,23045.0,23385.0,23018.0,23227.0,89476.0
2024-10-16,23215.0,23262.0,22811.0,22997.0,106703.0
2024-10-17,23061.0,23275.0,23003.0,23258.0,124428.0
2024-10-18,23467.0,23987.0,23451.0,23660.0,195534.0
2024-10-21,23681.0,23883.0,23568.0,23580.0,110860.0
2024-10-22,23567.0,23686.0,23333.0,23621.0,141140.0
2024-10-23,23601.0,23666.0,23338.0,23405.0,118620.0
2024-10-24,23414.0,23464.0,23135.0,23298.0,163880.0
2024-10-25,23294.0,23482.0,23208.0,23479.0,110165.0
2024-10-28,23468.0,23707.0,23215.0,23321.0,148710.0
2024-10-29,23330.0,23385.0,22694.0,22976.0,150496.0
2024-10-30,23017.0,23140.0,22848.0,22898.0,119757.0
2024-11-01,22928.0,22993.0,22234.0,22778.0,159360.0
2024-11-04,22750.0,23042.0,22694.0,23036.0,129790.0
2024-11-05,23040.0,23204.0,22781.0,23137.0,126258.0
2024-11-06,23148.0,23446.0,23048.0,23324.0,152045.0
2024-11-07,23373.0,23575.0,22938.0,23528.0,197912.0
2024-11-08,23550.0,23792.0,23478.0,23778.0,129917.0
2024-11-11,23767.0,23841.0,23311.0,23575.0,155906.0
2024-11-12,23553.0,23566.0,22863.0,22869.0,168196.0
2024-11-13,22873.0,23014.0,22574.0,22781.0,175509.0
2024-11-14,22820.0,23075.0,22578.0,22684.0,186163.0
2024-11-15,22639.0,22928.0,22591.0,22761.0,140218.0
2024-11-18,22737.0,22830.0,22472.0,22572.0,143047.0
2024-11-19,22592.0,22968.0,22338.0,22854.0,136351.0
2024-11-20,22874.0,22955.0,22654.0,22689.0,108614.0
2024-11-21,22800.0,22820.0,22499.0,22573.0,152795.0
2024-11-22,22575.0,23065.0,22395.0,23036.0,208663.0
2024-11-25,23060.0,23288.0,22978.0,23065.0,124216.0
2024-11-26,23030.0,23032.0,22616.0,22635.0,131983.0
2024-11-27,22637.0,22760.0,22341.0,22346.0,134020.0
2024-11-28,22388.0,22467.0,22050.0,22338.0,163623.0
2024-11-29,22332.0,22437.0,22005.0,22312.0,113432.0
2024-12-02,22297.0,22825.0,22160.0,22824.0,137100.0
2024-12-03,22839.0,23176.0,22804.0,23110.0,114963.0
2024-12-04,23090.0,23293.0,22936.0,23292.0,128483.0
2024-12-05,23270.0,23363.0,23187.0,23256.0,97409.0
2024-12-06,23260.0,23451.0,23136.0,23179.0,103899.0
2024-12-09,23200.0,23327.0,23171.0,23248.0,94685.0
2024-12-10,23239.0,23477.0,23028.0,23088.0,127545.0
2024-12-11,23080.0,23143.0,22826.0,22850.0,119561.0
2024-12-12,22860.0,23210.0,22801.0,23107.0,106735.0
2024-12-13,23098.0,23142.0,22851.0,22985.0,115367.0
2024-12-16,23000.0,23268.0,22935.0,22965.0,122535.0
2024-12-17,22976.0,23214.0,22963.0,23034.0,88132.0
2024-12-18,23025.0,23198.0,22838.0,23107.0,88067.0
2024-12-19,23187.0,23384.0,22607.0,22852.0,156453.0
2024-12-20,22848.0,22972.0,22591.0,22632.0,142235.0
2024-12-23,22666.0,23242.0,22521.0,23238.0,160124.0
2024-12-24,23249.0,23449.0,23150.0,23215.0,117179.0
2024-12-25,23219.0,23374.0,23212.0,23329.0,72226.0
2024-12-26,23332.0,23418.0,23278.0,23325.0,46114.0
2024-12-27,23311.0,23375.0,23155.0,23373.0,84155.0
2024-12-30,23376.0,23389.0,23090.0,23172.0,101463.0
2024-12-31,23164.0,23194.0,22925.0,23048.0,107843.0
2025-01-02,23029.0,23164.0,22690.0,22842.0,124032.0
2025-01-03,22850.0,23106.0,22733.0,22978.0,141235.0
2025-01-06,22979.0,23620.0,22940.0,23611.0,124086.0
2025-01-07,23639.0,23990.0,23618.0,23751.0,123583.0
2025-01-08,23765.0,23893.0,23441.0,23455.0,127040.0
2025-01-09,23419.0,23487.0,23084.0,23099.0,141188.0
2025-01-10,23090.0,23192.0,22957.0,23052.0,93887.0
2025-01-13,23025.0,23175.0,22431.0,22530.0,173498.0
2025-01-14,22540.0,22766.0,22316.0,22755.0,117616.0
2025-01-15,22740.0,22820.0,22494.0,22517.0,89874.0
2025-01-16,22530.0,23215.0,22520.0,23032.0,149394.0
2025-01-17,23218.0,23528.0,22956.0,23195.0,178856.0
2025-01-20,23218.0,23416.0,23191.0,23349.0,107297.0
2025-01-21,23340.0,23437.0,23172.0,23368.0,110099.0
2025-01-22,23360.0,23720.0,23328.0,23700.0,102491.0
2025-02-03,23674.0,23838.0,22569.0,22595.0,120564.0
2025-02-04,22608.0,22941.0,22592.0,22825.0,115667.0
2025-02-05,22830.0,23281.0,22830.0,23134.0,95117.0
2025-02-06,23137.0,23378.0,23051.0,23293.0,93885.0
2025-02-07,23292.0,23464.0,23244.0,23432.0,85494.0
2025-02-10,23427.0,23526.0,23167.0,23242.0,131321.0
2025-02-11,23235.0,23501.0,23235.0,23341.0,84444.0
2025-02-12,23330.0,23535.0,23216.0,23310.0,103911.0
2025-02-13,23330.0,23451.0,23151.0,23401.0,120334.0
2025-02-14,23398.0,23398.0,23117.0,23175.0,119969.0
2025-02-17,23169.0,23538.0,23065.0,23508.0,102303.0
2025-02-18,23524.0,23663.0,23465.0,23650.0,48241.0
2025-02-19,23675.0,23703.0,23519.0,23610.0,57838.0
2025-02-20,23621.0,23669.0,23374.0,23533.0,107483.0
2025-02-21,23538.0,23760.0,23470.0,23750.0,112999.0
2025-02-24,23765.0,23780.0,23422.0,23552.0,114788.0
2025-02-25,23548.0,23592.0,23140.0,23295.0,131543.0
2025-02-26,23255.0,23419.0,23050.0,23419.0,144431.0
2025-02-27,23428.0,23588.0,23126.0,23190.0,152458.0
2025-03-03,23196.0,23308.0,22613.0,22723.0,174970.0
2025-03-04,22727.0,22758.0,22108.0,22580.0,193970.0
2025-03-05,22588.0,22925.0,22340.0,22895.0,197750.0
2025-03-06,22899.0,23025.0,22706.0,22762.0,166503.0
2025-03-07,22765.0,22807.0,22409.0,22523.0,167640.0
2025-03-10,22467.0,22629.0,22243.0,22443.0,204376.0
2025-03-11,22440.0,22483.0,21662.0,22025.0,206773.0
2025-03-12,22050.0,22344.0,21840.0,22235.0,186136.0
2025-03-13,22199.0,22475.0,21917.0,21919.0,197396.0
2025-03-14,21923.0,22133.0,21857.0,21964.0,172216.0
2025-03-17,21944.0,22310.0,21925.0,22155.0,125181.0
2025-03-18,22133.0,22437.0,22101.0,22228.0,101234.0
2025-03-19,22265.0,22333.0,21944.0,21963.0,95089.0
2025-03-20,22028.0,22418.0,21968.0,22370.0,146703.0
2025-03-21,22367.0,22383.0,22169.0,22179.0,159291.0
2025-03-24,22200.0,22397.0,22017.0,22155.0,154635.0
2025-03-25,22169.0,22443.0,22161.0,22300.0,136509.0
2025-03-26,22310.0,22428.0,22252.0,22306.0,113364.0
2025-03-27,22300.0,22315.0,21890.0,21970.0,146279.0
2025-03-28,21958.0,21985.0,21484.0,21602.0,179311.0
2025-03-31,21582.0,21642.0,20725.0,20769.0,212985.0
2025-04-01,20804.0,21270.0,20688.0,21180.0,185134.0
2025-04-02,21222.0,21388.0,21060.0,21302.0,175292.0
2025-04-07,21306.0,21653.0,19167.0,19167.0,143539.0
2025-04-08,17261.0,19296.0,17260.0,18172.0,451113.0
2025-04-09,18240.0,18847.0,17141.0,17198.0,445214.0
2025-04-10,17326.0,18902.0,17016.0,18902.0,323025.0
2025-04-11,19671.0,19742.0,18381.0,19531.0,467058.0
2025-04-14,19556.0,19981.0,19184.0,19496.0,331631.0
2025-04-15,19535.0,19832.0,19347.0,19798.0,192158.0
2025-04-16,19810.0,19908.0,19427.0,19547.0,130349.0
2025-04-17,19368.0,19445.0,19002.0,19370.0,261175.0
2025-04-18,19505.0,19583.0,19255.0,19332.0,221545.0
2025-04-21,19346.0,19399.0,19030.0,19099.0,96170.0
2025-04-22,19099.0,19140.0,18750.0,18799.0,181336.0
2025-04-23,18873.0,19593.0,18810.0,19558.0,201054.0
2025-04-24,19566.0,19775.0,19415.0,19464.0,209541.0
2025-04-25,19448.0,20007.0,19354.0,19876.0,202307.0
2025-04-28,19892.0,20066.0,19752.0,19965.0,173951.0
2025-04-29,20001.0,20206.0,19826.0,20157.0,156039.0
2025-04-30,20166.0,20266.0,20062.0,20148.0,146111.0
2025-05-02,20180.0,20711.0,19925.0,20681.0,204835.0
2025-05-05,20655.0,20899.0,20209.0,20406.0,215625.0
2025-05-06,20415.0,20482.0,20138.0,20343.0,174508.0
2025-05-07,20325.0,20555.0,20160.0,20378.0,197489.0
2025-05-08,20382.0,20694.0,20251.0,20574.0,199346.0
2025-05-09,20565.0,20869.0,20505.0,20848.0,190213.0
2025-05-12,20868.0,21133.0,20730.0,21066.0,142587.0
2025-05-13,21074.0,21519.0,21068.0,21358.0,174752.0
2025-05-14,21339.0,21785.0,21314.0,21774.0,149649.0
2025-05-15,21805.0,21888.0,21677.0,21694.0,134924.0
2025-05-16,21698.0,21875.0,21630.0,21823.0,120876.0
2025-05-19,21820.0,21932.0,21500.0,21540.0,130177.0
2025-05-20,21520.0,21784.0,21475.0,21540.0,113177.0
2025-05-21,21535.0,21855.0,21493.0,21851.0,76162.0
2025-05-22,21668.0,21725.0,21394.0,21502.0,146608.0
2025-05-23,21509.0,21638.0,21333.0,21468.0,156291.0
2025-05-26,21451.0,21563.0,21073.0,21382.0,195522.0
2025-05-27,21402.0,21437.0,21134.0,21229.0,95905.0
2025-05-28,21233.0,21511.0,21151.0,21248.0,150800.0
2025-05-29,21250.0,21615.0,21192.0,21324.0,149880.0
2025-06-02,21292.0,21292.0,20790.0,20866.0,180612.0
2025-06-03,20880.0,21219.0,20828.0,20972.0,146461.0
2025-06-04,21018.0,21535.0,20976.0,21480.0,140875.0
2025-06-05,21498.0,21676.0,21454.0,21556.0,118121.0
2025-06-06,21556.0,21751.0,21503.0,21569.0,132859.0
2025-06-09,21578.0,21786.0,21534.0,21727.0,100972.0
2025-06-10,21739.0,22238.0,21721.0,22115.0,123829.0
2025-06-11,22129.0,22355.0,22098.0,22349.0,116457.0
2025-06-12,22359.0,22490.0,22216.0,22255.0,122578.0
2025-06-13,22234.0,22348.0,21893.0,21940.0,155089.0
2025-06-16,21964.0,22144.0,21869.0,22034.0,125598.0
2025-06-17,22055.0,22277.0,22037.0,22165.0,106916.0
2025-06-18,22150.0,22385.0,22033.0,22308.0,87093.0
2025-06-19,21955.0,21978.0,21676.0,21703.0,151951.0
2025-06-20,21683.0,21741.0,21469.0,21650.0,143648.0
2025-06-23,21651.0,21788.0,21210.0,21475.0,197686.0
2025-06-24,21482.0,21965.0,21352.0,21963.0,182238.0
2025-06-25,22000.0,22168.0,21928.0,22160.0,122143.0
2025-06-26,22144.0,22264.0,22079.0,22113.0,117082.0
2025-06-27,22125.0,22220.0,21990.0,22119.0,131222.0
2025-06-30,22100.0,22253.0,22038.0,22143.0,125257.0
2025-07-01,22138.0,22593.0,22013.0,22351.0,140251.0
2025-07-02,22352.0,22409.0,22210.0,22390.0,116076.0
2025-07-03,22390.0,22715.0,22282.0,22680.0,126730.0
2025-07-04,22705.0,22875.0,22431.0,22435.0,134044.0
2025-07-07,22420.0,22504.0,22246.0,22333.0,117577.0
2025-07-08,22314.0,22425.0,22143.0,22255.0,139336.0
2025-07-09,22275.0,22473.0,22150.0,22431.0,110576.0
2025-07-10,22445.0,22646.0,22366.0,22609.0,131192.0
2025-07-11,22613.0,22774.0,22486.0,22767.0,123288.0
2025-07-14,22749.0,22753.0,22521.0,22548.0,103895.0
2025-07-15,22524.0,22881.0,22460.0,22810.0,105389.0
2025-07-16,22826.0,23117.0,22815.0,23049.0,76278.0
2025-07-17,22900.0,23149.0,22811.0,23147.0,139063.0
2025-07-18,23300.0,23414.0,23230.0,23261.0,127272.0
2025-07-21,23270.0,23320.0,23171.0,23225.0,87478.0
2025-07-22,23250.0,23406.0,22981.0,22989.0,139131.0
2025-07-23,23000.0,23256.0,22863.0,23188.0,131196.0
2025-07-24,23200.0,23405.0,23154.0,23304.0,100469.0
2025-07-25,23300.0,23329.0,23191.0,23242.0,83960.0
2025-07-28,23237.0,23483.0,23190.0,23398.0,113294.0
2025-07-29,23397.0,23404.0,23029.0,23165.0,115815.0
2025-07-30,23180.0,23419.0,23133.0,23370.0,130413.0
2025-07-31,23363.0,23622.0,23224.0,23607.0,131304.0
2025-08-01,23595.0,23682.0,23040.0,23340.0,174628.0
2025-08-04,23300.0,23322.0,22982.0,23257.0,164741.0
2025-08-05,23279.0,23583.0,23268.0,23576.0,100312.0
2025-08-06,23599.0,23621.0,23378.0,23423.0,115011.0
2025-08-07,23411.0,24053.0,23292.0,24000.0,147287.0
2025-08-08,24005.0,24130.0,23931.0,23953.0,102336.0
2025-08-11,23930.0,24222.0,23833.0,24161.0,106840.0
2025-08-12,24168.0,24239.0,24074.0,24142.0,84841.0
2025-08-13,24167.0,24407.0,24135.0,24344.0,119304.0
2025-08-14,24349.0,24439.0,24208.0,24250.0,89654.0
2025-08-15,24247.0,24383.0,24188.0,24304.0,100831.0
2025-08-18,24315.0,24462.0,24140.0,24425.0,103527.0
2025-08-19,24395.0,24447.0,24314.0,24343.0,67278.0
2025-08-20,24348.0,24379.0,23630.0,23636.0,91154.0
2025-08-21,23650.0,23940.0,23530.0,23854.0,158761.0
2025-08-22,23874.0,23980.0,23732.0,23748.0,131899.0
2025-08-25,23721.0,24310.0,23715.0,24256.0,167797.0
2025-08-26,24238.0,24280.0,24090.0,24259.0,103874.0
2025-08-27,24242.0,24495.0,24190.0,24467.0,96264.0
2025-08-28,24473.0,24486.0,24205.0,24228.0,131745.0
2025-08-29,24261.0,24452.0,24247.0,24266.0,123019.0
2025-09-01,24250.0,24285.0,23847.0,24010.0,181207.0
2025-09-02,24011.0,24247.0,23882.0,23973.0,122956.0
2025-09-03,24004.0,24081.0,23691.0,23999.0,180620.0
2025-09-04,24006.0,24363.0,23978.0,24134.0,170748.0
2025-09-05,24126.0,24428.0,24118.0,24419.0,110733.0
2025-09-08,24440.0,24673.0,24290.0,24555.0,171061.0
2025-09-09,24570.0,24837.0,24561.0,24804.0,100838.0
2025-09-10,24815.0,25244.0,24751.0,25172.0,132944.0
2025-09-11,25193.0,25474.0,25166.0,25235.0,150108.0
2025-09-12,25260.0,25465.0,25256.0,25463.0,101447.0
2025-09-15,25440.0,25449.0,25270.0,25351.0,93620.0
2025-09-16,25365.0,25664.0,25286.0,25628.0,79392.0
2025-09-17,25623.0,25650.0,25401.0,25434.0,70195.0
2025-09-18,25479.0,25745.0,25351.0,25713.0,152235.0
2025-09-19,25705.0,25888.0,25595.0,25669.0,177553.0
2025-09-22,25664.0,25939.0,25641.0,25890.0,107795.0
2025-09-23,25869.0,26325.0,25792.0,26269.0,135325.0
2025-09-24,26266.0,26545.0,26073.0,26236.0,168432.0
2025-09-25,26228.0,26296.0,26089.0,26102.0,119916.0
2025-09-26,26076.0,26093.0,25500.0,25661.0,221319.0
2025-09-30,25660.0,26045.0,25566.0,25956.0,142279.0
2025-10-01,25945.0,26375.0,25913.0,26050.0,141535.0
2025-10-02,25976.0,26526.0,25919.0,26432.0,142903.0
2025-10-03,26429.0,26764.0,26365.0,26748.0,156588.0
2025-10-07,26770.0,27358.0,26635.0,27323.0,144179.0
2025-10-08,27300.0,27398.0,26909.0,27093.0,140249.0
2025-10-09,27048.0,27455.0,27000.0,27330.0,142157.0
2025-10-13,27338.0,27395.0,26392.0,26911.0,159979.0
2025-10-14,26915.0,27449.0,26715.0,26719.0,175947.0
2025-10-15,26740.0,27189.0,26499.0,27158.0,148845.0
2025-10-16,27313.0,27877.0,27233.0,27825.0,246804.0
2025-10-17,27796.0,27815.0,27227.0,27324.0,244357.0
2025-10-20,27270.0,27822.0,27035.0,27782.0,262400.0
2025-10-21,27800.0,28035.0,27702.0,27831.0,167254.0
2025-10-22,27828.0,27949.0,27526.0,27706.0,188055.0
2025-10-23,27732.0,27738.0,27314.0,27557.0,211669.0
2025-10-27,27609.0,28287.0,27494.0,28220.0,163004.0
2025-10-28,28230.0,28324.0,27983.0,28004.0,138496.0
2025-10-29,27986.0,28444.0,27952.0,28414.0,135757.0
2025-10-30,28439.0,28551.0,28182.0,28400.0,190670.0
2025-10-31,28382.0,28588.0,28202.0,28436.0,172425.0
2025-11-03,28430.0,28582.0,28151.0,28342.0,189455.0
2025-11-04,28320.0,28593.0,28111.0,28115.0,188013.0
2025-11-05,28100.0,28228.0,27414.0,27805.0,250023.0
2025-11-06,27850.0,28155.0,27747.0,28031.0,173965.0
2025-11-07,28008.0,28134.0,27596.0,27734.0,233864.0
2025-11-10,27755.0,28038.0,27154.0,28020.0,262429.0
2025-11-11,28003.0,28180.0,27760.0,27780.0,181174.0
2025-11-12,27810.0,28079.0,27708.0,28052.0,167877.0
2025-11-13,28080.0,28175.0,27805.0,27979.0,170594.0
2025-11-14,28008.0,28065.0,27365.0,27402.0,212909.0
2025-11-17,27389.0,27690.0,26953.0,27480.0,275947.0
2025-11-18,27459.0,27573.0,26774.0,26800.0,244985.0
2025-11-19,26750.0,27021.0,26536.0,26613.0,171377.0
2025-11-20,26678.0,27492.0,26657.0,27485.0,251568.0
2025-11-21,27503.0,27540.0,26396.0,26485.0,318221.0
2025-11-24,26487.0,26799.0,26248.0,26615.0,323433.0
2025-11-25,26615.0,27103.0,26455.0,26934.0,223985.0
2025-11-26,26903.0,27382.0,26650.0,27334.0,237292.0
2025-11-27,27350.0,27648.0,27226.0,27581.0,195922.0
2025-11-28,27570.0,27852.0,27524.0,27745.0,95726.0
2025-12-01,27750.0,27864.0,27403.0,27406.0,135752.0
2025-12-02,27444.0,27788.0,27406.0,27563.0,176475.0
2025-12-03,27568.0,27889.0,27562.0,27759.0,171887.0
2025-12-04,27750.0,27878.0,27611.0,27795.0,167677.0
2025-12-05,27824.0,28019.0,27704.0,28018.0,148547.0
2025-12-08,28026.0,28298.0,27973.0,28287.0,146034.0
2025-12-09,28281.0,28360.0,28172.0,28224.0,116847.0
2025-12-10,28217.0,28433.0,28134.0,28397.0,119634.0
2025-12-11,28415.0,28699.0,28060.0,28106.0,172091.0
2025-12-12,28109.0,28343.0,28093.0,28294.0,142133.0
2025-12-15,28280.0,28334.0,27711.0,27909.0,182928.0
2025-12-16,27892.0,28030.0,27411.0,27625.0,166520.0
2025-12-17,27624.0,27796.0,27475.0,27482.0,116112.0
2025-12-18,27735.0,27959.0,27351.0,27589.0,251808.0
2025-12-19,27588.0,27984.0,27577.0,27897.0,194072.0
2025-12-22,27900.0,28367.0,27870.0,28339.0,158219.0
2025-12-23,28341.0,28455.0,28290.0,28414.0,93621.0
2025-12-24,28406.0,28580.0,28335.0,28469.0,110650.0
2025-12-26,28466.0,28714.0,28456.0,28674.0,92110.0
2025-12-29,28667.0,28998.0,28615.0,28948.0,106246.0
2025-12-30,28936.0,28955.0,28705.0,28880.0,122847.0
2025-12-31,28870.0,29052.0,28782.0,29022.0,117905.0
2026-01-02,29007.0,29498.0,28963.0,29475.0,130753.0
2026-01-05,29500.0,30487.0,29465.0,30314.0,233725.0
2026-01-06,30350.0,30672.0,30183.0,30616.0,161121.0
2026-01-07,30627.0,30677.0,30451.0,30522.0,152113.0
2026-01-08,30507.0,30662.0,30265.0,30461.0,162038.0
2026-01-09,30423.0,30581.0,30007.0,30451.0,190607.0
2026-01-12,30466.0,30837.0,30417.0,30704.0,164537.0
2026-01-13,30723.0,31253.0,30625.0,30870.0,205912.0
2026-01-14,30870.0,31161.0,30855.0,30985.0,167088.0
2026-01-15,30956.0,31055.0,30660.0,31055.0,185457.0
2026-01-16,31158.0,31543.0,31117.0,31475.0,207932.0
2026-01-19,31486.0,31774.0,31208.0,31673.0,162169.0
2026-01-20,31645.0,31740.0,31328.0,31672.0,122523.0
2026-01-21,31580.0,31650.0,31185.0,31246.0,150233.0
2026-01-22,31500.0,32054.0,31450.0,31863.0,269076.0
2026-01-23,31845.0,32165.0,31834.0,32152.0,200506.0
2026-01-26,32174.0,32265.0,32057.0,32144.0,186127.0
2026-01-27,32132.0,32531.0,32037.0,32508.0,173770.0
2026-01-28,32535.0,32938.0,32513.0,32924.0,153402.0
2026-01-29,32998.0,33151.0,32588.0,32776.0,230585.0
2026-01-30,32760.0,32798.0,31995.0,32253.0,295648.0
2026-02-02,32128.0,32306.0,31393.0,31610.0,373300.0
2026-02-03,31600.0,32444.0,31585.0,32266.0,241772.0
2026-02-04,32297.0,32495.0,31741.0,32420.0,274824.0
2026-02-05,32478.0,32613.0,31766.0,31910.0,335450.0
2026-02-06,31944.0,32050.0,31222.0,31803.0,398283.0
2026-02-09,31832.0,32856.0,31754.0,32656.0,239145.0
2026-02-10,32612.0,33310.0,32456.0,33309.0,205181.0
2026-02-11,33276.0,33844.0,33183.0,33699.0,197848.0
2026-02-23,33612.0,34355.0,33606.0,33841.0,152543.0
2026-02-24,33942.0,34955.0,33824.0,34835.0,238854.0
2026-02-25,34840.0,35775.0,34820.0,35493.0,265933.0
2026-02-26,35480.0,35756.0,35350.0,35608.0,214564.0
2026-03-02,35634.0,35878.0,34701.0,35239.0,346959.0
2026-03-03,35095.0,35363.0,34314.0,34332.0,442791.0
2026-03-04,34300.0,34443.0,32680.0,32827.0,632355.0
2026-03-05,32871.0,34293.0,32808.0,33641.0,489274.0
2026-03-06,33675.0,33888.0,32832.0,33710.0,535429.0
2026-03-09,33712.0,33792.0,31123.0,31779.0,571580.0
2026-03-10,31943.0,33518.0,31762.0,32698.0,484458.0
2026-03-11,32760.0,34184.0,32708.0,33985.0,451824.0
2026-03-12,33945.0,34006.0,33328.0,33530.0,415642.0
2026-03-13,33620.0,33843.0,32444.0,33319.0,479370.0
2026-03-16,33126.0,33722.0,32682.0,33263.0,497531.0
2026-03-17,33351.0,34016.0,33103.0,33802.0,293239.0
2026-03-18,33647.0,34440.0,33501.0,34266.0,217836.0
2026-03-19,34562.0,34800.0,33541.0,33542.0,395309.0
2026-03-20,33550.0,33886.0,32858.0,33557.0,515312.0
2026-03-23,33450.0,33745.0,32215.0,32527.0,500626.0
2026-03-24,32220.0,33998.0,32088.0,32783.0,622210.0
2026-03-25,33020.0,33870.0,32788.0,33634.0,432500.0
2026-03-26,33554.0,34023.0,33350.0,33452.0,424033.0
2026-03-27,33468.0,33542.0,32635.0,33138.0,397795.0
2026-03-30,33080.0,33081.0,32028.0,32473.0,430448.0
2026-03-31,32653.0,32858.0,31803.0,31959.0,432808.0
2026-04-01,31944.0,33410.0,31744.0,33399.0,422028.0
2026-04-02,33610.0,33884.0,32498.0,32501.0,444837.0
2026-04-07,32569.0,33374.0,32191.0,33166.0,391248.0
2026-04-08,33213.0,35062.0,32826.0,35002.0,419970.0
2026-04-09,35000.0,35345.0,34747.0,34922.0,318820.0
2026-04-10,34896.0,35577.0,34765.0,35567.0,268518.0
2026-04-13,35512.0,35747.0,35185.0,35454.0,228407.0
2026-04-14,35500.0,36430.0,35459.0,36371.0,207511.0
2026-04-15,36389.0,37067.0,36355.0,36645.0,144235.0
2026-04-16,37000.0,37665.0,37000.0,37648.0,254294.0
2026-04-17,37568.0,37569.0,36930.0,37081.0,319592.0
2026-04-20,37023.0,37992.0,37011.0,37258.0,315214.0
2026-04-21,37280.0,38159.0,37216.0,38046.0,287784.0
2026-04-22,38133.0,38368.0,37548.0,38205.0,306309.0
2026-04-23,38226.0,39082.0,37410.0,37884.0,421381.0
2026-04-24,37925.0,39242.0,37649.0,39218.0,434985.0
2026-04-27,39263.0,40445.0,39131.0,39900.0,402316.0
2026-04-28,39871.0,40344.0,39489.0,39736.0,326049.0
2026-04-29,39650.0,39853.0,39126.0,39482.0,366662.0
2026-04-30,39484.0,39938.0,39172.0,39359.0,381715.0
2026-05-04,39390.0,41073.0,39376.0,41043.0,383418.0
2026-05-05,41011.0,41188.0,40547.0,41031.0,319211.0
2026-05-06,41067.0,42000.0,40959.0,41518.0,373511.0
2026-05-07,41464.0,42470.0,41412.0,42335.0,364376.0
2026-05-08,42412.0,42554.0,41543.0,41937.0,384729.0
2026-05-11,41997.0,42297.0,41669.0,41955.0,304360.0
2026-05-12,41968.0,42364.0,41607.0,41705.0,359102.0
2026-05-13,41638.0,41692.0,40739.0,41465.0,462071.0
2026-05-14,41500.0,42237.0,41211.0,41626.0,393217.0
2026-05-15,41758.0,42450.0,40980.0,41000.0,421933.0
2026-05-18,41146.0,41222.0,40150.0,40805.0,444654.0
2026-05-19,40901.0,41450.0,40190.0,40245.0,410497.0
2026-05-20,40312.0,40539.0,39738.0,40072.0,307829.0
2026-05-21,40273.0,41666.0,40219.0,41497.0,348651.0
2026-05-22,41367.0,42499.0,41198.0,42448.0,396617.0
2026-05-25,42404.0,44050.0,42323.0,43878.0,325189.0
2026-05-26,43876.0,44396.0,43622.0,43895.0,243890.0
2026-05-27,43940.0,45256.0,43790.0,44796.0,388870.0
2026-05-28,44689.0,45621.0,43464.0,43843.0,590399.0
2026-05-29,43930.0,45469.0,43930.0,45293.0,406153.0
2026-06-01,45384.0,46464.0,44855.0,46048.0,435640.0
2026-06-02,46077.0,46744.0,45333.0,46103.0,456674.0
2026-06-03,46240.0,46990.0,46180.0,46860.0,333423.0
2026-06-04,46795.0,46978.0,46142.0,46308.0,402566.0
2026-06-05,46362.0,46545.0,44662.0,45206.0,578605.0
2026-06-08,45099.0,45315.0,40704.0,43087.0,736655.0
2026-06-09,43252.0,44748.0,43215.0,44660.0,508430.0
2026-06-10,44700.0,45060.0,42368.0,43412.0,846566.0
2026-06-11,43496.0,43967.0,42138.0,43238.0,890997.0
2026-06-12,43392.0,44938.0,43006.0,44199.0,600191.0
2026-06-15,44000.0,45900.0,43720.0,45595.0,472495.0
2026-06-16,45558.0,46267.0,45457.0,45763.0,300872.0
2026-06-17,45793.0,45933.0,44945.0,45676.0,249081.0
2026-06-18,46124.0,46775.0,45730.0,46761.0,485227.0
2026-06-22,46770.0,48468.0,46731.0,48443.0,359944.0
2026-06-23,48538.0,49243.0,47410.0,47430.0,469947.0
2026-06-24,46968.0,47071.0,45911.0,46374.0,653644.0
2026-06-25,46386.0,46998.0,45070.0,46549.0,636085.0
2026-06-26,46484.0,46875.0,44375.0,44430.0,670316.0
2026-06-29,44820.0,45639.0,44131.0,45551.0,611095.0
2026-06-30,45560.0,46877.0,45039.0,46768.0,511368.0
2026-07-01,46695.0,47690.0,46365.0,47229.0,423045.0
2026-07-02,47155.0,47545.0,45822.0,46610.0,558455.0
2026-07-03,46344.0,47219.0,45279.0,46993.0,701771.0
2026-07-06,47045.0,47555.0,46586.0,46881.0,359104.0
2026-07-07,46960.0,47493.0,45600.0,45763.0,503296.0
2026-07-08,45920.0,46000.0,44905.0,45555.0,555586.0
2026-07-09,45500.0,46150.0,44580.0,45680.0,639329.0
2026-07-13,45782.0,46493.0,45275.0,45600.0,458003.0
2026-07-14,45550.0,45887.0,43851.0,44794.0,495208.0
2026-07-15,44791.0,45839.0,44643.0,45830.0,277270.0
2026-07-16,46090.0,46287.0,45190.0,45695.0,568395.0
2026-07-17,45482.0,45482.0,42533.0,42698.0,658017.0
2026-07-20,42694.0,43762.0,42166.0,42644.0,708066.0
